{"val/box_loss":0.05054475739598274,"train/box_loss":0.03928154334425926,"Mosaics":{"count":3,"filenames":["media/images/Mosaics_0_992e3fa37e8d7dd99d72.jpg","media/images/Mosaics_0_3562c11143d917db3959.jpg","media/images/Mosaics_0_dc5949f21b7030e8f38a.jpg"],"captions":["train_batch0.jpg","train_batch1.jpg","train_batch2.jpg"],"_type":"images/separated","width":1280,"height":1280,"format":"jpg"},"metrics/mAP_0.5":0.8388531898810504,"best/mAP_0.5":0.8334179178563239,"_step":58,"x/lr1":0.004870000000000001,"metrics/precision":0.8288517246966001,"train/obj_loss":0.010499343276023865,"_runtime":303.269899944,"best/epoch":49,"best/precision":0.8238491316772965,"best/mAP_0.5:0.95":0.4085533121436951,"x/lr0":0.004870000000000001,"_timestamp":1.7392658449171135e+09,"x/lr2":0.004870000000000001,"Labels":{"_type":"images/separated","width":1600,"height":1600,"format":"jpg","count":2,"filenames":["media/images/Labels_0_ff9e1b5bd794f2401197.jpg","media/images/Labels_0_6fb23e97a868b4673419.jpg"],"captions":["labels.jpg","labels_correlogram.jpg"]},"metrics/recall":0.75,"best/recall":0.7672413793103449,"val/obj_loss":0.01836426556110382,"val/cls_loss":0,"metrics/mAP_0.5:0.95":0.377407129180079,"_wandb":{"runtime":306},"train/cls_loss":0}