{"metrics/recall":0.021551724137931036,"Mosaics":{"count":3,"filenames":["media/images/Mosaics_0_5e003865f1783d1ec546.jpg","media/images/Mosaics_0_ca435a3f9e53a9d66c7b.jpg","media/images/Mosaics_0_9ef58a5e24fbc8dd9717.jpg"],"captions":["train_batch0.jpg","train_batch1.jpg","train_batch2.jpg"],"_type":"images/separated","width":1280,"height":1280,"format":"jpg"},"train/box_loss":0.10645724833011627,"metrics/mAP_0.5:0.95":3.0029997538589207e-05,"metrics/mAP_0.5":0.00016719632173336943,"best/mAP_0.5:0.95":3.0027046838870994e-05,"x/lr0":0.0706,"val/box_loss":0.12359622865915298,"best/recall":0.021551724137931036,"train/obj_loss":0.02767670899629593,"Validation":{"count":6,"filenames":["media/images/Validation_1_6d572324ca25357485df.jpg","media/images/Validation_1_bafedfa94cb2727f04fa.jpg","media/images/Validation_1_13fbff77faf2ef539f60.jpg","media/images/Validation_1_0417f7ceb3a22c69669d.jpg","media/images/Validation_1_3f24e7201499410f5ad1.jpg","media/images/Validation_1_c07c79cfed24c6e51e6d.jpg"],"captions":["val_batch0_labels.jpg","val_batch0_pred.jpg","val_batch1_labels.jpg","val_batch1_pred.jpg","val_batch2_labels.jpg","val_batch2_pred.jpg"],"_type":"images/separated","width":1344,"height":1024,"format":"jpg"},"x/lr2":0.003266666666666667,"_step":1,"metrics/precision":0.000326797385620915,"val/cls_loss":0,"Labels":{"filenames":["media/images/Labels_0_ccc9144cf9705f6c7aec.jpg","media/images/Labels_0_6d454aa691105cd0f7b8.jpg"],"captions":["labels.jpg","labels_correlogram.jpg"],"_type":"images/separated","width":1600,"height":1600,"format":"jpg","count":2},"Results":{"format":"png","count":6,"filenames":["media/images/Results_1_e16c35c28e2a9b73cc9b.png","media/images/Results_1_634dd8c37a7441da5cbf.png","media/images/Results_1_12be418cf3cbbfe47622.png","media/images/Results_1_95fe297202e75f497db2.png","media/images/Results_1_4814d4e9d4d0d898c60c.png","media/images/Results_1_d8b2147a7fb9547cbe4a.png"],"captions":["results.png","confusion_matrix.png","F1_curve.png","PR_curve.png","P_curve.png","R_curve.png"],"_type":"images/separated","width":2400,"height":1200},"val/obj_loss":0.025359932333230972,"best/precision":0.000326797385620915,"train/cls_loss":0,"best/epoch":0,"_wandb":{"runtime":18},"_timestamp":1.739266318993092e+09,"best/mAP_0.5":0.0001671763845731112,"_runtime":18.413365126,"x/lr1":0.003266666666666667}